<?xml version="1.0" encoding="UTF-8" standalone="yes"?>
<addon id="script.module.schism.common" name="Thor Common Libraries" version="2018.12.18" provider-name="Thor">
	<requires>
		<import addon="xbmc.python" version="2.1.0" />
		<import addon="script.module.six" />
		<import addon="script.module.metahandler" />
		<import addon="script.module.beautifulsoup" />
	</requires>
	<extension point="xbmc.python.module" library="lib" />
	<extension point="xbmc.addon.metadata">
		<platform>all</platform>
		<summary lang="en">Collection of modules used by Thors</summary>
		<description lang="en">Collection of modules used by Thor</description>
		<license>GNU GENERAL PUBLIC LICENSE. Version 2, June 1991</license>
	</extension>
</addon>
