﻿<?xml version="1.0" encoding="UTF-8" standalone="yes"?>
<addon id="plugin.video.ironman" name=" [B][COLOR red]Ironman[/COLOR][/B]" version="2.5.1" provider-name="aussiehulk">
    <requires>
        <import addon="xbmc.python" version="2.19.0" />
        <import addon="script.module.universalscrapers"  />
        <import addon="script.module.python.koding.aio.alt"  />
        <import addon="script.module.beautifulsoup"  />
        <import addon="script.module.requests"  />
        <import addon="script.module.addon.common"  />
        <import addon="script.module.xmltodict"  />
        <import addon="script.module.dateutil" />
		<import addon="script.module.feedparser" />
        <import addon="script.module.resolveurl" />
    </requires>
    <extension point="xbmc.python.pluginsource" library="default.py">
        <provides>video</provides>
    </extension>
    <extension point="xbmc.addon.repository" name="Hulks Repo">
		<dir>
			<info compressed="false">https://raw.githubusercontent.com/aussiehulk/zips/master/addons.xml</info>
			<checksum>https://raw.githubusercontent.com/aussiehulk/zips/master/addons.xml.md5</checksum>
			<datadir zip="true">https://raw.githubusercontent.com/aussiehulk/zips/master/</datadir>
		</dir>		
	</extension>			
    <extension point="xbmc.jen" library="service.py" start="[login|startup]" />
    <extension point="xbmc.addon.metadata">
        <summary lang="en">Ironman All In One Addon</summary>
        <description lang="en">Ironman All In One Addon</description>
        <disclaimer lang="en">The author is not responsible for the use of this addon. The author is not responsible for the content found using this addon. The author does not host or own any content found within this addon.[CR]The author is in no way affiliated with Kodi, Team Kodi, or the XBMC Foundation.[CR]This is a Non-profit resource, organized solely for educational purposes which is protected under the Fair-Use doctrine of the Copyright Act, Specifically section 107, which does promote freedom of expression, by permitting the unlicensed use of copyright-protected works.</disclaimer>
        <platform>all</platform>
        <video_guide></video_guide>
        <reuselanguageinvoker>false</reuselanguageinvoker>
    </extension>
</addon>
