<dir>
<name>[COLOR=white]Movies[/COLOR]</name>
<link>http://aussiehulk.com/MyAddon/Ironman/Menus/movies_page.xml</link>
<animated_thumnail></animated_thumbnail>
<thumbnail>http://aussiehulk.com/MyAddon/Ironman/Menus/Media/movies.png</thumbnail>
<animated_fanart></animated_fanart>
<fanart></fanart>
</dir>

<dir>
<name>[COLOR=white]TV Shows[/COLOR]</name>
<link>http://aussiehulk.com/MyAddon/Ironman/Menus/tv_shows_page.xml</link>
<animated_thumnail></animated_thumbnail>
<thumbnail>http://aussiehulk.com/MyAddon/Ironman/Menus/Media/tv_shows.png</thumbnail>
<animated_fanart></animated_fanart>
<fanart></fanart>
</dir>

<dir>
<name>[COLOR=white]Kids[/COLOR]</name>
<link>http://aussiehulk.com/MyAddon/Ironman/Menus/kids_page.xml</link>
<animated_thumnail></animated_thumbnail>
<thumbnail>http://aussiehulk.com/MyAddon/Ironman/Menus/Media/kids.png</thumbnail>
<animated_fanart></animated_fanart>
<fanart></fanart>
</dir>

<dir>
<name>[COLOR=white]Documentaries[/COLOR]</name>
<link>http://aussiehulk.com/MyAddon/Ironman/Menus/documentaries_page.xml</link>
<animated_thumnail></animated_thumbnail>
<thumbnail>http://aussiehulk.com/MyAddon/Ironman/Menus/Media/docs.png</thumbnail>
<animated_fanart></animated_fanart>
<fanart></fanart>
</dir>

<dir>
<name>[COLOR=white]YouTube Channels[/COLOR]</name>
<link>http://aussiehulk.com/MyAddon/Ironman/Menus/channels_page.xml</link>
<animated_thumnail></animated_thumbnail>
<thumbnail>http://aussiehulk.com/MyAddon/Ironman/Menus/Media/channels.png</thumbnail>
<animated_fanart></animated_fanart>
<fanart></fanart>
</dir>


<dir>
<name>[COLOR=white]Comedy[/COLOR]</name>
<link>http://aussiehulk.com/MyAddon/Ironman/Menus/comedy_page.xml</link>
<animated_thumnail></animated_thumbnail>
<thumbnail>http://aussiehulk.com/MyAddon/Ironman/Menus/Media/funny.png</thumbnail>
<animated_fanart></animated_fanart>
<fanart></fanart>
</dir>

<dir>
<name>[COLOR=white]Live TV/Sports[/COLOR]</name>
<link>http://aussiehulk.com/MyAddon/Ironman/Menus/live_tv_page.xml</link>
<animated_thumnail></animated_thumbnail>
<thumbnail>http://aussiehulk.com/MyAddon/Ironman/Menus/Media/tv_shows.png</thumbnail>
<animated_fanart></animated_fanart>
<fanart></fanart>
</dir>


<dir>
<name>[COLOR=white]Music[/COLOR]</name>
<link>http://aussiehulk.com/MyAddon/Ironman/Menus/music_page.xml</link>
<animated_thumnail></animated_thumbnail>
<thumbnail>http://aussiehulk.com/MyAddon/Ironman/Menus/Media/music.png</thumbnail>
<animated_fanart></animated_fanart>
<fanart></fanart>
</dir>

<dir>
  <title>[COLOR=white]Search TMDB[/COLOR]</title>
  <tmdb>search</tmdb>
  <thumbnail>http://aussiehulk.com/MyAddon/Ironman/Menus/Media/search.png</thumbnail>
  <summary>Search The Movie Database for movies or Tv shows</summary>
</dir>

<dir>
  <title>[COLOR=white]Search Trakt[/COLOR]</title>
  <trakt>search</trakt>
  <thumbnail>http://aussiehulk.com/MyAddon/Ironman/Menus/Media/search.png</thumbnail>
  <summary>Search Trakt for movies or Tv shows</summary>
</dir>

<dir>
<name>[COLOR=white]Tools[/COLOR]</name>
<link>http://aussiehulk.com/MyAddon/Ironman/Menus/tools_page.xml</link>
</dir>


<plugin>
<name>Testings</name>
<link>plugin://plugin.video.hulk/?action=developer</link>
<thumbnail></thumbnail>
<summary>Testing area</summary>
</plugin>
