<?xml version="1.0" encoding="UTF-8" standalone="yes"?>
    <addon id="repository.hulk" name="Hulks Repo" version="2.6.1" provider-name="Aussiehulk">
    <extension point="xbmc.addon.repository" name="Hulks Repo">
		<dir>
			<info compressed="false">https://raw.githubusercontent.com/aussiehulk/zips/master/addons.xml</info>
			<checksum>https://raw.githubusercontent.com/aussiehulk/zips/master/addons.xml.md5</checksum>
			<datadir zip="true">https://raw.githubusercontent.com/aussiehulk/zips/master/</datadir>
		</dir>	
	
		<dir>
			<info compressed="false">https://raw.githubusercontent.com/mr-kodi/repository.myaccounts/master/zips/addons.xml</info>
			<checksum>https://raw.githubusercontent.com/mr-kodi/repository.myaccounts/master/zips/addons.xml.md5</checksum>
			<datadir zip="true">https://raw.githubusercontent.com/mr-kodi/repository.myaccounts/master/zips/</datadir>
		</dir>	
		
		<dir>
			<info compressed="false">https://raw.githubusercontent.com/mr-kodi/repository.fenomscrapers/master/zips/addons.xml</info>
			<checksum>https://raw.githubusercontent.com/mr-kodi/repository.fenomscrapers/master/zips/addons.xml.md5</checksum>
			<datadir zip="true">https://raw.githubusercontent.com/mr-kodi/repository.fenomscrapers/master/zips/</datadir>
		</dir>	

		<dir minversion="18.0" maxversion="18.9.0">
			<info compressed="false">https://raw.githubusercontent.com/aussiehulk/repository.metahandler/main/leia/zips/addons.xml</info>
			<checksum>https://raw.githubusercontent.com/aussiehulk/repository.metahandler/main/leia/zips/addons.xml.md5</checksum>
			<datadir zip="true">https://raw.githubusercontent.com/aussiehulk/repository.metahandler/main/leia/zips/</datadir>
		</dir>
		
		<dir minversion="18.9.0">
			<info compressed="false">https://raw.githubusercontent.com/aussiehulk/repository.metahandler/main/matrix/zips/addons.xml</info>
			<checksum>https://raw.githubusercontent.com/aussiehulk/repository.metahandler/main/matrix/zips/addons.xml.md5</checksum>
			<datadir zip="true">https://raw.githubusercontent.com/aussiehulk/repository.metahandler/main/matrix/zips/</datadir>
		</dir>
		
		<dir>
			<info compressed="false">https://raw.githubusercontent.com/drinfernoo/repository.openwizard/master/zips/addons.xml</info>
			<checksum>https://raw.githubusercontent.com/drinfernoo/repository.openwizard/master/zips/addons.xml.md5</checksum>
			<datadir zip="true">https://raw.githubusercontent.com/drinfernoo/repository.openwizard/master/zips/</datadir>
		</dir>

		<dir>
			<info compressed="false">https://raw.githubusercontent.com/drinfernoo/plugin.program.autowidget/repo/zips/addons.xml</info>
			<checksum>https://raw.githubusercontent.com/drinfernoo/plugin.program.autowidget/repo/zips/addons.xml.md5</checksum>
			<datadir zip="true">https://raw.githubusercontent.com/drinfernoo/plugin.program.autowidget/repo/zips/</datadir>
		</dir>

		<dir minversion="18.0" maxversion="18.9.0">
			<info compressed="false">https://raw.githubusercontent.com/jurialmunkey/repository.jurialmunkey/master/leia/zips/addons.xml</info>
			<checksum>https://raw.githubusercontent.com/jurialmunkey/repository.jurialmunkey/master/leia/zips/addons.xml.md5</checksum>
			<datadir zip="true">https://raw.githubusercontent.com/jurialmunkey/repository.jurialmunkey/master/leia/zips/</datadir>
		</dir>
		
		<dir minversion="18.9.0">
			<info compressed="false">https://raw.githubusercontent.com/jurialmunkey/repository.jurialmunkey/master/matrix/zips/addons.xml</info>
			<checksum>https://raw.githubusercontent.com/jurialmunkey/repository.jurialmunkey/master/matrix/zips/addons.xml.md5</checksum>
			<datadir zip="true">https://raw.githubusercontent.com/jurialmunkey/repository.jurialmunkey/master/matrix/zips/</datadir>
		</dir>

		<dir minversion="18.0" maxversion="18.9.0">
			<info compressed="false">https://raw.githubusercontent.com/nixgates/nixgates/master/packages/leia/addons.xml</info>
			<checksum>https://raw.githubusercontent.com/nixgates/nixgates/master/packages/leia/addons.xml.md5</checksum>
			<datadir zip="true">https://raw.githubusercontent.com/nixgates/nixgates/master/packages/leia/</datadir>
		</dir>
		
		<dir minversion="18.9.0">
			<info compressed="false">https://raw.githubusercontent.com/nixgates/nixgates/master/packages/matrix/addons.xml</info>
			<checksum>https://raw.githubusercontent.com/nixgates/nixgates/master/packages/matrix/addons.xml.md5</checksum>
			<datadir zip="true">https://raw.githubusercontent.com/nixgates/nixgates/master/packages/matrix/</datadir>
		</dir>

		<dir>
			<info compressed="false">https://raw.githubusercontent.com/Tikipeter/repository.tikipeter/master/addons.xml</info>
			<checksum>https://raw.githubusercontent.com/Tikipeter/repository.tikipeter/master/addons.xml.md5</checksum>
			<datadir zip="true">https://raw.githubusercontent.com/Tikipeter/repository.tikipeter/master/zip</datadir>
		</dir>

		<dir>
			<info compressed="false">https://raw.githubusercontent.com/newt-sc/a4kSubtitles/master/packages/addons.xml</info>
			<checksum>https://raw.githubusercontent.com/newt-sc/a4kSubtitles/master/packages/addons.xml.crc</checksum>
			<datadir>https://github.com/newt-sc/a4kSubtitles/archive</datadir>
			<artdir>https://github.com/a4k-openproject/a4kSubtitles/releases/download/v0.0.13</artdir>
		</dir>

		<dir minversion="18.0" maxversion="18.9.0">
			<info compressed="true">https://raw.githubusercontent.com/mikesilvo164/repo.aeon.nox.silvo/master/leia/addons.xml</info>
			<checksum>https://raw.githubusercontent.com/mikesilvo164/repo.aeon.nox.silvo/master/leia/addons.xml.md5</checksum>
			<datadir zip="true">https://raw.githubusercontent.com/mikesilvo164/repo.aeon.nox.silvo/master/leia/</datadir>
		</dir>
		
		<dir>
			<info compressed="false">https://raw.githubusercontent.com/skyfsza/repository.auramod/master/addons.xml</info>
			<checksum>https://raw.githubusercontent.com/skyfsza/repository.auramod/master/addons.xml.md5</checksum>
			<datadir zip="true">https://raw.githubusercontent.com/skyfsza/repository.auramod/master/</datadir>
		</dir>	
		
        <dir>
            <info compressed="false">https://raw.githubusercontent.com/teamuniversal/scrapers/master/_modules4all/zips/addons.xml</info>
            <checksum>https://raw.githubusercontent.com/teamuniversal/scrapers/master/_modules4all/zips/addons.xml.md5</checksum>
            <datadir zip="true">https://raw.githubusercontent.com/teamuniversal/scrapers/master/_modules4all/zips/</datadir>
        </dir>
		
        <dir>
            <info compressed="false">https://raw.githubusercontent.com/jsergio123/zips/master/addons.xml</info>
            <checksum>https://raw.githubusercontent.com/jsergio123/zips/master/addons.xml.md5</checksum>
            <datadir zip="true">https://raw.githubusercontent.com/jsergio123/zips/master/</datadir>
        </dir>
		
        <dir>
            <info compressed="false">https://raw.githubusercontent.com/totalrevolution/python-koding/master/zips/addons.xml</info>
            <checksum>https://raw.githubusercontent.com/totalrevolution/python-koding/master/zips/addons.xml.md5</checksum>
            <datadir zip="true">https://raw.githubusercontent.com/totalrevolution/python-koding/master/zips/</datadir>
        </dir>	
		
		<dir>
			<info compressed="false">https://raw.githubusercontent.com/Gujal00/smrzips/master/addons.xml</info>
			<checksum>https://raw.githubusercontent.com/Gujal00/smrzips/master/addons.xml.md5</checksum>
			<datadir zip="true">https://raw.githubusercontent.com/Gujal00/smrzips/master/zips/</datadir>
		</dir>
		
		<dir>
			<info compressed="false">https://raw.githubusercontent.com/a4k-openproject/repository.openscrapers/master/zips/addons.xml</info>
			<checksum>https://raw.githubusercontent.com/a4k-openproject/repository.openscrapers/master/zips/addons.xml.md5</checksum>
			<datadir zip="true">https://raw.githubusercontent.com/a4k-openproject/repository.openscrapers/master/zips/</datadir>
		</dir>
						
        <dir>
            <info compressed="false">https://raw.githubusercontent.com/jenaddon/repository.jenrepo/master/zips/addons.xml</info>
            <checksum>https://raw.githubusercontent.com/jenaddon/repository.jenrepo/master/zips/addons.xml.md5</checksum>
            <datadir zip="true">https://raw.githubusercontent.com/jenaddon/repository.jenrepo/master/zips/</datadir>
            <hashes>false</hashes>
        </dir>		
		
	</extension>
	
    <extension point="xbmc.addon.metadata">
        <summary>Hulks Repo</summary>
        <description>This is Hulks Repo</description>
        <disclaimer></disclaimer>
        <platform>all</platform>
        <assets>
            <icon>icon.png</icon>
            <fanart>fanart.jpg</fanart>
        </assets>
    </extension>
</addon>