<?xml version="1.0" encoding="UTF-8" standalone="yes"?>
<addon id="repository.hulk" name="[COLOR red]Hulk[/COLOR] Repository" version="2.6.1" provider-name="aussiehulk">
	<extension point="xbmc.addon.repository" name="Hulk Repo">
		<dir>
			<info compressed="false">https://raw.githubusercontent.com/aussiehulk/zips/master/addons.xml</info>
			<checksum>https://raw.githubusercontent.com/aussiehulk/zips/master/addons.xml.md5</checksum>
			<datadir zip="true">https://raw.githubusercontent.com/aussiehulk/zips/master/</datadir>
		</dir>

		<dir>
			<info compressed="false">https://raw.githubusercontent.com/mr-kodi/repository.myaccounts/master/zips/addons.xml</info>
			<checksum>https://raw.githubusercontent.com/mr-kodi/repository.myaccounts/master/zips/addons.xml.md5</checksum>
			<datadir zip="true">https://raw.githubusercontent.com/mr-kodi/repository.myaccounts/master/zips/</datadir>
		</dir>

		<dir>
			<info compressed="false">https://raw.githubusercontent.com/mr-kodi/repository.fenomscrapers/master/zips/addons.xml</info>
			<checksum>https://raw.githubusercontent.com/mr-kodi/repository.fenomscrapers/master/zips/addons.xml.md5</checksum>
			<datadir zip="true">https://raw.githubusercontent.com/mr-kodi/repository.fenomscrapers/master/zips/</datadir>
		</dir>

		<dir>
			<info compressed="false">https://raw.githubusercontent.com/drinfernoo/repository.openwizard/master/zips/addons.xml</info>
			<checksum>https://raw.githubusercontent.com/drinfernoo/repository.openwizard/master/zips/addons.xml.md5</checksum>
			<datadir zip="true">https://raw.githubusercontent.com/drinfernoo/repository.openwizard/master/zips/</datadir>
		</dir>

		<dir>
			<info compressed="false">https://raw.githubusercontent.com/drinfernoo/plugin.program.autowidget/repo/zips/addons.xml</info>
			<checksum>https://raw.githubusercontent.com/drinfernoo/plugin.program.autowidget/repo/zips/addons.xml.md5</checksum>
			<datadir zip="true">https://raw.githubusercontent.com/drinfernoo/plugin.program.autowidget/repo/zips/</datadir>
		</dir>

		<dir minversion="18.0" maxversion="18.9.0">
			<info compressed="false">https://raw.githubusercontent.com/jurialmunkey/repository.jurialmunkey/master/leia/zips/addons.xml</info>
			<checksum>https://raw.githubusercontent.com/jurialmunkey/repository.jurialmunkey/master/leia/zips/addons.xml.md5</checksum>
			<datadir zip="true">https://raw.githubusercontent.com/jurialmunkey/repository.jurialmunkey/master/leia/zips/</datadir>
		</dir>
		<dir minversion="18.9.0">
			<info compressed="false">https://raw.githubusercontent.com/jurialmunkey/repository.jurialmunkey/master/matrix/zips/addons.xml</info>
			<checksum>https://raw.githubusercontent.com/jurialmunkey/repository.jurialmunkey/master/matrix/zips/addons.xml.md5</checksum>
			<datadir zip="true">https://raw.githubusercontent.com/jurialmunkey/repository.jurialmunkey/master/matrix/zips/</datadir>
		</dir>

		<dir minversion="18.0" maxversion="18.9.0">
			<info compressed="false">https://raw.githubusercontent.com/nixgates/nixgates/master/packages/leia/addons.xml</info>
			<checksum>https://raw.githubusercontent.com/nixgates/nixgates/master/packages/leia/addons.xml.md5</checksum>
			<datadir zip="true">https://raw.githubusercontent.com/nixgates/nixgates/master/packages/leia/</datadir>
		</dir>
		<dir minversion="18.9.0">
			<info compressed="false">https://raw.githubusercontent.com/nixgates/nixgates/master/packages/matrix/addons.xml</info>
			<checksum>https://raw.githubusercontent.com/nixgates/nixgates/master/packages/matrix/addons.xml.md5</checksum>
			<datadir zip="true">https://raw.githubusercontent.com/nixgates/nixgates/master/packages/matrix/</datadir>
		</dir>

		<dir>
			<info compressed="false">https://raw.githubusercontent.com/Tikipeter/repository.tikipeter/master/addons.xml</info>
			<checksum>https://raw.githubusercontent.com/Tikipeter/repository.tikipeter/master/addons.xml.md5</checksum>
			<datadir zip="true">https://raw.githubusercontent.com/Tikipeter/repository.tikipeter/master/zip</datadir>
		</dir>

		<dir>
			<info compressed="false">https://raw.githubusercontent.com/newt-sc/a4kSubtitles/master/packages/addons.xml</info>
			<checksum>https://raw.githubusercontent.com/newt-sc/a4kSubtitles/master/packages/addons.xml.crc</checksum>
			<datadir>https://github.com/newt-sc/a4kSubtitles/archive</datadir>
			<artdir>https://github.com/a4k-openproject/a4kSubtitles/releases/download/v0.0.13</artdir>
		</dir>

		<dir minversion="18.0" maxversion="18.9.0">
			<info compressed="true">https://raw.githubusercontent.com/mikesilvo164/repo.aeon.nox.silvo/master/leia/addons.xml</info>
			<checksum>https://raw.githubusercontent.com/mikesilvo164/repo.aeon.nox.silvo/master/leia/addons.xml.md5</checksum>
			<datadir zip="true">https://raw.githubusercontent.com/mikesilvo164/repo.aeon.nox.silvo/master/leia/</datadir>
		</dir>
	</extension>

	<extension point="xbmc.addon.metadata">
		<summary lang="en">[B][COLOR red]Thor[/COLOR][/B] - We do not host any of the contents streamed</summary>
		<description lang="en">[B][COLOR red]Thor[/COLOR][/B] - This addon does not form part of the Kodi Media Centre. Please do not seek assistance with this addon from any of the Official Kodi Support Channels.The author does not host any of the content in this addon and takes no responsibility for content found.</description>
		<disclaimer lang="en">The author is not responsible for the use of this addon. The author is not responsible for the content found using this addon. The author does not host or own any content found within this addon. The author is in no way affiliated with Kodi, Team Kodi, or the XBMC Foundation. This is a Non-profit resource, organized solely for educational purposes which is protected under the Fair-Use doctrine of the Copyright Act, Specifically section 107, which does promote freedom of expression, by permitting the unlicensed use of copyright-protected works.</disclaimer>
		<platform>all</platform>
		<license>GNU GENERAL PUBLIC LICENSE. Version 3, 29 June 2007</license>
		<assets>
			<icon>icon.png</icon>
			<fanart>fanart.jpg</fanart>
			<screenshot></screenshot>
		</assets>
		<news>
[B][COLOR red]Update - v1.18 - March 26, 2021[/COLOR][/B]
[COLOR yellow]--[/COLOR][I] Removed Marcel's beta repo.[/I]
		</news>
	</extension>
</addon>
