<plugin>
<title>[COLORlightseegreen]FLUXUS IPTV[/COLOR]</title>
<link>plugin://plugin.video.live.streamspro/?mode=1&url=https://pastebin.com/raw/ZzGTySZE</link>
<thumbnail>http://mercuryme.org/images/eim%20icon.png</thumbnail>
  <fanart>http://mercuryme.org/images/fanart.jpg</fanart>
</plugin>

<plugin>
<title>[COLORlightseegreen]LODGE IPTV[/COLOR]</title>
<link>plugin://plugin.video.live.streamspro/?mode=1&url=https://pastebin.com/raw/2D80tRy5</link>
<thumbnail>http://mercuryme.org/images/eim%20icon.png</thumbnail>
  <fanart>http://mercuryme.org/images/fanart.jpg</fanart>
</plugin>

<plugin>
<title>[COLORlightseegreen]FLUXUS RADIO[/COLOR]</title>
<link>plugin://plugin.video.live.streamspro/?mode=1&url=https://pastebin.com/raw/d5cb3Wxw</link>
<thumbnail>http://mercuryme.org/images/eim%20icon.png</thumbnail>
  <fanart>http://mercuryme.org/images/fanart.jpg</fanart>
</plugin>