<?xml version="1.0" encoding="UTF-8" standalone="yes"?>
<addon id="context.thor" version="1.0.9" name="Thor - Global Context Menu Items" provider-name="Thor">
	<requires>
		<import addon="xbmc.python" version="2.23.0" />
		<import addon="script.module.requests" version="2.19.1" />
	</requires>
	<extension point="kodi.context.item">
		<menu id="kodi.core.main">
			<item library="contextSettings.py">
				<label>[B][COLOR red]Thor[/COLOR][/B] - CM Settings</label>
				<visible>
					!String.IsEmpty(Window(home).Property(context.thor.settings)) +
					String.StartsWith(ListItem.path,plugin://plugin.video.thor/) +
					String.IsEqual(ListItem.Property(isThor_widget),true)
				</visible>
			</item>
			<item library="traktManager.py">
				<label>[B][COLOR red]Thor[/COLOR][/B] - Trakt Manager</label>
				<visible>
					!String.IsEmpty(Window(home).Property(context.thor.traktManager)) +
					String.StartsWith(ListItem.path,plugin://plugin.video.thor/) +
					String.IsEqual(ListItem.Property(isThor_widget),true) +
					[String.IsEqual(ListItem.dbtype,episode) | String.IsEqual(ListItem.dbtype,tvshow) | String.IsEqual(ListItem.dbtype,season) | String.IsEqual(ListItem.dbtype,movie)]
				</visible>
			</item>
			<item library="clearProviders.py">
				<label>[B][COLOR red]Thor[/COLOR][/B] - Clear Providers</label>
				<visible>
					!String.IsEmpty(Window(home).Property(context.thor.clearProviders)) +
					String.StartsWith(ListItem.FolderPath,plugin://plugin.video.thor/?action=play) +
					String.IsEqual(ListItem.Property(isThor_widget),true) +
					[String.IsEqual(ListItem.dbtype,episode) | String.IsEqual(ListItem.dbtype,movie)]
				</visible>
			</item>
			<item library="clearBookmark.py">
				<label>[B][COLOR red]Thor[/COLOR][/B] - Clear Item Bookmark</label>
				<visible>
					!String.IsEmpty(Window(home).Property(context.thor.clearBookmark)) +
					String.StartsWith(ListItem.FolderPath,plugin://plugin.video.thor/?action=play) +
					String.IsEqual(ListItem.Property(isThor_widget),true) +
<!-- 					!String.IsEqual(ListItem.Property(resumetime),0) + -->
					!String.IsEqual(ListItem.Property(thor_resumetime),0) +
					[String.IsEqual(ListItem.dbtype,episode) | String.IsEqual(ListItem.dbtype,movie)]
				</visible>
			</item>
			<item library="rescrape.py">
				<label>[B][COLOR red]Thor[/COLOR][/B] - Rescrape Item</label>
				<visible>
					!String.IsEmpty(Window(home).Property(context.thor.rescrape)) +
					String.StartsWith(ListItem.FolderPath,plugin://plugin.video.thor/?action=play) +
					String.IsEqual(ListItem.Property(isThor_widget),true) +
					[String.IsEqual(ListItem.dbtype,episode) | String.IsEqual(ListItem.dbtype,movie)]

<!-- Future for Library CM to Rescrape -->
<!-- 					!String.IsEmpty(Window(home).Property(context.thor.rescrape)) +
					[String.Contains(ListItem.Path,plugin.video.thor) + String.IsEqual(ListItem.FileExtension,strm) | String.StartsWith(ListItem.FolderPath,plugin://plugin.video.thor/?action=play)] +
					[String.IsEqual(ListItem.dbtype,episode) | String.IsEqual(ListItem.dbtype,movie)] -->
				</visible>
			</item>
			<item library="playFromHere.py">
				<label>[B][COLOR red]Thor[/COLOR][/B] - Play from here</label>
				<visible>
					!String.IsEmpty(Window(home).Property(context.thor.playFromHere)) +
					String.StartsWith(ListItem.path,plugin://plugin.video.thor/) +
					String.IsEqual(ListItem.Property(isThor_widget),true) +
					String.IsEqual(ListItem.dbtype,episode)
				</visible>
			</item>
			<item library="autoPlay.py">
				<label>[B][COLOR red]Thor[/COLOR][/B] - Auto Play</label>
				<visible>
					String.IsEmpty(Window(home).Property(plugin.video.thor.autoPlay)) +
					!String.IsEmpty(Window(home).Property(context.thor.autoPlay)) +
					String.StartsWith(ListItem.FolderPath,plugin://plugin.video.thor/?action=play) +
					String.IsEqual(ListItem.Property(isThor_widget),true) +
					[String.IsEqual(ListItem.dbtype,episode) | String.IsEqual(ListItem.dbtype,movie)]
				</visible>
			</item>
			<item library="sourceSelect.py">
				<label>[B][COLOR red]Thor[/COLOR][/B] - Source Select</label>
				<visible>
					!String.IsEmpty(Window(home).Property(plugin.video.thor.autoPlay)) +
					!String.IsEmpty(Window(home).Property(context.thor.sourceSelect)) +
					String.StartsWith(ListItem.FolderPath,plugin://plugin.video.thor/?action=play) +
					String.IsEqual(ListItem.Property(isThor_widget),true) +
					[String.IsEqual(ListItem.dbtype,episode) | String.IsEqual(ListItem.dbtype,movie)]
				</visible>
			</item>
			<item library="findSimilar.py">
				<label>[B][COLOR red]Thor[/COLOR][/B] - Find Similar</label>
				<visible>
					!String.IsEmpty(Window(home).Property(context.thor.findSimilar)) +
					String.StartsWith(ListItem.path,plugin://plugin.video.thor/) +
					String.IsEqual(ListItem.Property(isThor_widget),true) +
					[String.IsEqual(ListItem.dbtype,tvshow) | String.IsEqual(ListItem.dbtype,movie)]
				</visible>
			</item>
			<item library="browseSeries.py">
				<label>[B][COLOR red]Thor[/COLOR][/B] - Browse Series</label>
				<visible>
					!String.IsEmpty(Window(home).Property(context.thor.browseSeries)) +
					String.StartsWith(ListItem.path,plugin://plugin.video.thor/) +
					String.IsEqual(ListItem.Property(isThor_widget),true) +
					[String.IsEqual(ListItem.dbtype,episode) | String.IsEqual(ListItem.dbtype,tvshow)]
				</visible>
			</item>
			<item library="browseEpisodes.py">
				<label>[B][COLOR red]Thor[/COLOR][/B] - Browse Episodes</label>
				<visible>
					!String.IsEmpty(Window(home).Property(context.thor.browseEpisodes)) +
					String.StartsWith(ListItem.path,plugin://plugin.video.thor/) +
					String.IsEqual(ListItem.Property(isThor_widget),true) +
					String.IsEqual(ListItem.dbtype,episode)
<!-- 					[String.IsEqual(ListItem.dbtype,episode) | !String.IsEmpty(ListItem.Property(multi_episodes))] -->
				</visible>
			</item>
		</menu>
</extension>
	<extension point="xbmc.service" library="service.py" />
	<extension point="xbmc.addon.metadata">
		<summary lang="en">Thor - This Addon is currently in beta. Please be aware there may be bugs present</summary>
		<description lang="en">Adds Global Contextual Menu Items for Thor menu items throughout Kodi
		</description>
		<platform>all</platform>
		<license>GNU GENERAL PUBLIC LICENSE. Version 3, 29 June 2007</license>
		<forum></forum>
		<website></website>
		<source></source>
		<disclaimer lang="en"></disclaimer>
		<assets>
			<icon>icon.png</icon>
			<fanart>fanart.png</fanart>
		</assets>
		<news>
[B][COLOR red]Update - v1.0.9 - Oct. 05, 2020[/COLOR][/B]
[COLOR yellow]--[/COLOR][I] Fixed Trakt Manager not opening.[/I]
[COLOR yellow]--[/COLOR][I] Fixed Context Settings not opening.[/I]
[COLOR yellow]--[/COLOR][I] Fixed service update check.[/I]
		</news>
	</extension>
</addon>