<?xml version="1.0" encoding="UTF-8" standalone="yes"?>
<addon id="context.thor" name="Thor - Global Context Menu Items" provider-name="Thor" version="1.1.9">
	<requires>
		<import addon="script.module.requests" version="2.19.1" />
	</requires>
	<extension point="kodi.context.item">
		<menu id="kodi.core.main">
			<item library="contextSettings.py">
				<label>[B][COLOR red]Thor[/COLOR][/B] - CM Settings</label>
				<visible>
					!String.IsEmpty(Window(home).Property(context.thor.settings)) +
					String.StartsWith(ListItem.path,plugin://plugin.video.thor/) +
					String.IsEqual(ListItem.Property(isThor_widget),true)
				</visible>
			</item>
			<item library="traktManager.py">
				<label>[B][COLOR red]Thor[/COLOR][/B] - Trakt Manager</label>
				<visible>
					!String.IsEmpty(Window(home).Property(context.thor.traktManager)) +
					String.StartsWith(ListItem.path,plugin://plugin.video.thor/) +
					String.IsEqual(ListItem.Property(isThor_widget),true) +
					[String.IsEqual(ListItem.dbtype,episode) | String.IsEqual(ListItem.dbtype,tvshow) | String.IsEqual(ListItem.dbtype,season) | String.IsEqual(ListItem.dbtype,movie)]
				</visible>
			</item>
			<item library="clearProviders.py">
				<label>[B][COLOR red]Thor[/COLOR][/B] - Clear Providers</label>
				<visible>
					[!String.IsEmpty(Window(home).Property(context.thor.clearProviders)) +
					String.StartsWith(ListItem.FolderPath,plugin://plugin.video.thor/?action=play) +
					String.IsEqual(ListItem.Property(isThor_widget),true) +
					[String.IsEqual(ListItem.dbtype,episode) | String.IsEqual(ListItem.dbtype,movie)]] |
					[String.Contains(Container.FolderPath,videodb://) +
					[String.Contains(Container.ListItem.Path,Window(home).Property(thor.movieLib.path)) | String.Contains(Container.ListItem.Path,Window(home).Property(thor.tvLib.path))] +
					[String.IsEqual(ListItem.dbtype,episode) | String.IsEqual(ListItem.dbtype,movie)]]
				</visible>
			</item>
			<item library="clearBookmark.py">
				<label>[B][COLOR red]Thor[/COLOR][/B] - Clear Item Bookmark</label>
				<visible>
					!String.IsEmpty(Window(home).Property(context.thor.clearBookmark)) +
					String.StartsWith(ListItem.FolderPath,plugin://plugin.video.thor/?action=play) +
					String.IsEqual(ListItem.Property(isThor_widget),true) +
					ListItem.IsResumable +
					[String.IsEqual(ListItem.dbtype,episode) | String.IsEqual(ListItem.dbtype,movie)]
				</visible>
			</item>
			<item library="rescrape.py">
				<label>[B][COLOR red]Thor[/COLOR][/B] - Rescrape Item</label>
				<visible>
					[!String.IsEmpty(Window(home).Property(context.thor.rescrape)) +
					String.StartsWith(ListItem.FolderPath,plugin://plugin.video.thor/?action=play) +
					String.IsEqual(ListItem.Property(isThor_widget),true) +
					[String.IsEqual(ListItem.dbtype,episode) | String.IsEqual(ListItem.dbtype,movie)]]
				</visible>
			</item>
			<item library="libRescrape.py">
				<label>[B][COLOR red]Thor[/COLOR][/B] - Rescrape Lib Item</label>
				<visible>
					String.Contains(Container.FolderPath,videodb://) +
					[String.Contains(Container.ListItem.Path,Window(home).Property(thor.movieLib.path)) | String.Contains(Container.ListItem.Path,Window(home).Property(thor.tvLib.path))] +
					[String.IsEqual(ListItem.dbtype,episode) | String.IsEqual(ListItem.dbtype,movie)]
				</visible>
			</item>
			<item library="playFromHere.py">
				<label>[B][COLOR red]Thor[/COLOR][/B] - Play from here</label>
				<visible>
					!String.IsEmpty(Window(home).Property(context.thor.playFromHere)) +
					String.StartsWith(ListItem.path,plugin://plugin.video.thor/) +
					String.IsEqual(ListItem.Property(isThor_widget),true) +
					String.IsEqual(ListItem.dbtype,episode)
				</visible>
			</item>
			<item library="autoPlay.py">
				<label>[B][COLOR red]Thor[/COLOR][/B] - Auto Play</label>
				<visible>
					String.IsEmpty(Window(home).Property(thor.autoPlay.enabled)) +
					!String.IsEmpty(Window(home).Property(context.thor.autoPlay)) +
					String.StartsWith(ListItem.FolderPath,plugin://plugin.video.thor/?action=play) +
					String.IsEqual(ListItem.Property(isThor_widget),true) +
					[String.IsEqual(ListItem.dbtype,episode) | String.IsEqual(ListItem.dbtype,movie)]
				</visible>
			</item>
			<item library="sourceSelect.py">
				<label>[B][COLOR red]Thor[/COLOR][/B] - Source Select</label>
				<visible>
					!String.IsEmpty(Window(home).Property(thor.autoPlay.enabled)) +
					!String.IsEmpty(Window(home).Property(context.thor.sourceSelect)) +
					String.StartsWith(ListItem.FolderPath,plugin://plugin.video.thor/?action=play) +
					String.IsEqual(ListItem.Property(isThor_widget),true) +
					[String.IsEqual(ListItem.dbtype,episode) | String.IsEqual(ListItem.dbtype,movie)]
				</visible>
			</item>
			<item library="findSimilar.py">
				<label>[B][COLOR red]Thor[/COLOR][/B] - Find Similar</label>
				<visible>
					!String.IsEmpty(Window(home).Property(context.thor.findSimilar)) +
					String.StartsWith(ListItem.path,plugin://plugin.video.thor/) +
					String.IsEqual(ListItem.Property(isThor_widget),true) +
					[String.IsEqual(ListItem.dbtype,tvshow) | String.IsEqual(ListItem.dbtype,movie)]
				</visible>
			</item>
			<item library="browseSeries.py">
				<label>[B][COLOR red]Thor[/COLOR][/B] - Browse Series</label>
				<visible>
					!String.IsEmpty(Window(home).Property(context.thor.browseSeries)) +
					String.StartsWith(ListItem.path,plugin://plugin.video.thor/) +
					String.IsEqual(ListItem.Property(isThor_widget),true) +
					[String.IsEqual(ListItem.dbtype,episode) | String.IsEqual(ListItem.dbtype,tvshow)]
				</visible>
			</item>
			<item library="browseEpisodes.py">
				<label>[B][COLOR red]Thor[/COLOR][/B] - Browse Episodes</label>
				<visible>
					!String.IsEmpty(Window(home).Property(context.thor.browseEpisodes)) +
					String.StartsWith(ListItem.path,plugin://plugin.video.thor/) +
					String.IsEqual(ListItem.Property(isThor_widget),true) +
					String.IsEqual(ListItem.dbtype,episode)
				</visible>
			</item>
		</menu>
	</extension>
	<extension point="xbmc.service" library="service.py" />
    <extension point="xbmc.addon.repository" name="Hulks Repo">
		<dir>
			<info compressed="false">https://raw.githubusercontent.com/aussiehulk/zips/master/addons.xml</info>
			<checksum>https://raw.githubusercontent.com/aussiehulk/zips/master/addons.xml.md5</checksum>
			<datadir zip="true">https://raw.githubusercontent.com/aussiehulk/zips/master/</datadir>
		</dir>		
	</extension>		
	<extension point="xbmc.addon.metadata">
		<summary lang="en">Thor - This Addon is currently in beta. Please be aware there may be bugs present</summary>
		<description lang="en">Adds Global Contextual Menu Items for Thor menu items throughout Kodi</description>
		<platform>all</platform>
		<license>GNU GENERAL PUBLIC LICENSE. Version 3, 29 June 2007</license>
		<forum></forum>
		<website>https://github.com/aussiehulk/context.thor</website>
		<source>https://github.com/aussiehulk/context.thor</source>
		<disclaimer lang="en"></disclaimer>
		<assets>
			<icon>icon.png</icon>
			<fanart>fanart.jpg</fanart>
			<screenshot></screenshot>
		</assets>
		<news>
[B][COLOR red]Update - v1.1.9 - June 12, 2021[/COLOR][/B]
[COLOR yellow]--[/COLOR][I] "Trakt Manager" updated for changed to Thor addon.[/I]
		</news>
	</extension>
</addon>