<?xml version="1.0" encoding="utf-8" standalone="yes"?>
<settings>

<!-- General - 0 -->
	<category label="32310">
		<setting id="appearance.1" type="select" label="32311" values="Thor|Exodus|Exuary" default="Thor" visible="true" />
		<setting id="icon.logos" type="select" label="40033" values="Traditional|Meta Provider Logos" default="Traditional" visible="true" />
		<setting id="index.labels" type="bool" label="40034" default="true" />
		<setting id="api.language" type="select" label="32316" values="AUTO|English|Bulgarian|Chinese|Croatian|Czech|Danish|Dutch|Finnish|French|German|Greek|Hebrew|Hungarian|Italian|Japanese|Korean|Norwegian|Polish|Portuguese|Romanian|Russian|Serbian|Slovak|Slovenian|Spanish|Swedish|Thai|Turkish|Ukrainian" default="English" />
		<setting id="page.item.limit" type="slider" label="32011" default="60" range="10,80" option="int" />
		<setting id="fanart" type="bool" label="32318" default="true" />
		<setting id="disable.fanarttv" type="bool" label="32012" default="false" />
		<setting id="disable.fanarttv.notice" type="text" label="  Clear Metadata cache if changed" default="" enable="false" />
		<setting id="disable.player.art" type="bool" label="Disable clearart, clearlogo, and discart in player" default="false" />
		<setting id="hidecinema" type="bool" label="32571" default="false" />
		<setting id="hidecinema.rollback" type="slider" label="40063" enable="eq(-1,true)" default="6" range="1,12" option="int" />
		<setting id="newmovies.widget" type="select" label="32320" lvalues="32302|32321|32322|32323|32324|32580" default="5" />
		<setting id="notification.sound" type="bool" label="Enable Notification Sound" default="false" />

		<setting type = "lsep" label="32003" />
		<setting id="sort.movies.type" type="select" label="35190" lvalues="33564|33039|35187|35188|35391|35392|35393" default="4" />
		<setting id="sort.movies.order" type="enum" label="33679" lvalues="33649|33650" default="1" subsetting="true" enable="!eq(-1,0)" />
	</category>


<!-- Navigation - 1 -->
	<category label="32621">
		<setting type="lsep" label="32005" />
<!-- 		<setting id="mylists.widget" type="bool" label="32329" default="true" /> -->
        <setting id="navi.personal.list" type="bool" label="90169" default="false" />
        <setting id="personal.list" type="text" label="90168" enable="!eq(-1,false)" default="http://" />		
        <setting id="movie.widget" type="enum" label="32320" lvalues="32302|32321|32322|32323|32324|32580" default="1" />
        <setting id="tv.widget" type="enum" label="32325" lvalues="32302|32326" default="1" />
        <setting id="navi.movies" type="bool" label="32001" default="true" />
        <setting id="navi.tvshows" type="bool" label="32002" default="true" />
        <setting id="navi.sports" type="bool" label="90006" default="true" />
        <setting id="navi.iptv" type="bool" label="90007" default="true" />
        <setting id="navi.kids" type="bool" label="90009" default="true" />
		
		<setting id="navi.anime" type="bool" label="40068" default="false" />
		<setting id="navi.youtube" type="bool" label="40061" default="false" />
		<setting id="navi.news" type="bool" label="32013" default="true" />
		<setting id="navi.changelog" type="bool" label="32014" default="true" />
        <setting id="navi.halloween" type="bool" label="90144" default="false" /> 
        <setting id="navi.holidays" type="bool" label="90157" default="false" />
        <setting id="navi.food" type="bool" label="90143" default="true" />
        <setting id="navi.herplace" type="bool" label="90301" default="true" />		
        <setting id="navi.1clicks" type="bool" label="90011" default="true" />
        <setting id="navi.music" type="bool" label="90012" default="true" />
        <setting id="navi.standup" type="bool" label="90113" default="true" />
        <setting id="navi.eyecandy" type="bool" label="90164" default="true" />
		<setting type="lsep" label="32001" />
        <setting id="navi.247" type="bool" label="90310" default="true" />
        <setting id="navi.4k" type="bool" label="90303" default="true" />
        <setting id="navi.3d" type="bool" label="90304" default="true" />
        <setting id="navi.boxsets" type="bool" label="90311" default="true" />
        <setting id="navi.collections" type="bool" label="32000" default="true" />
        <setting id="navi.traktlist" type="bool" label="90051" default="true" />
        <setting id="navi.imdblist" type="bool" label="90141" default="true" />
        <setting id="navi.imdbtop250" type="bool" label="90313" default="true" 	/>	
        <setting id="navi.hodgepodge" type="bool" label="90314" default="true" 	/>	
        <setting id="navi.hacktheplanet" type="bool" label="90315" default="true" />		
		<setting id="navi.movie.imdb.intheater" type="bool" label="32421" default="true" />
		<setting id="navi.movie.tmdb.nowplaying" type="bool" label="32423" default="true" />
		<setting id="navi.movie.tmdb.latest" type="bool" label="90428" default="false" />		
		<setting id="navi.movie.trakt.anticipated" type="bool" label="32425" default="true" />
		<setting id="navi.movie.tmdb.upcoming" type="bool" label="32427" default="true" />
		<setting id="navi.movie.imdb.popular" type="bool" label="32429" default="true" />
		<setting id="navi.movie.tmdb.popular" type="bool" label="32431" default="true" />
		<setting id="navi.movie.trakt.popular" type="bool" label="32433" default="true" />
		<setting id="navi.movie.imdb.boxoffice" type="bool" label="32435" default="true" />
		<setting id="navi.movie.trakt.boxoffice" type="bool" label="32437" default="true" />
		<setting id="navi.movie.imdb.mostvoted" type="bool" label="32439" default="true" />
		<setting id="navi.movie.tmdb.toprated" type="bool" label="32441" default="true" />
		<setting id="navi.movie.trakt.trending" type="bool" label="32443" default="true" />
		<setting id="navi.movie.trakt.recommended" type="bool" label="32445" default="true" />
		<setting id="navi.movie.imdb.featured" type="bool" label="32447" default="true" />
		<setting id="navi.movie.collections" type="bool" label="32000" default="true" />
		<setting id="navi.xmascollections" type="bool" label="40064" enable="eq(-1,true)" default="false" />
		<setting id="navi.movie.imdb.oscarwinners" type="bool" label="32452" default="true" />
		<setting id="navi.movie.imdb.oscarnominees" type="bool" label="32454" default="true" />
		<setting id="navi.movie.imdb.genres" type="bool" label="32456" default="true" />
		<setting id="navi.movie.imdb.years" type="bool" label="32458" default="true" />
		<setting id="navi.movie.imdb.people" type="bool" label="32460" default="true" />
		<setting id="navi.movie.imdb.languages" type="bool" label="32462" default="true" />
		<setting id="navi.movie.imdb.certificates" type="bool" label="32464" default="true" />
		<setting type="lsep" label="32002" />
		<setting id="navi.originals" type="bool" label="40069" default="true" />
		<setting id="navi.tv.imdb.popular" type="bool" label="32429" default="true" />
		<setting id="navi.tv.tmdb.popular" type="bool" label="32431" default="true" />
		<setting id="navi.tv.trakt.popular" type="bool" label="32433" default="true" />
        <setting id="navi.disney+" type="bool" label="90426" default="true" />
        <setting id="navi.apple+" type="bool" label="90427" default="true" />		
		<setting id="navi.tv.imdb.mostvoted" type="bool" label="32439" default="true" />
		<setting id="navi.tv.tmdb.toprated" type="bool" label="32441" default="true" />
		<setting id="navi.tv.trakt.trending" type="bool" label="32443" default="true" />
		<setting id="navi.tv.imdb.highlyrated" type="bool" label="32449" default="true" />
		<setting id="navi.tv.trakt.recommended" type="bool" label="32445" default="true" />
		<setting id="navi.tv.imdb.genres" type="bool" label="32456" default="true" />
		<setting id="navi.tv.tvmaze.networks" type="bool" label="32470" default="true" />
		<setting id="navi.tv.imdb.languages" type="bool" label="32462" default="true" />
		<setting id="navi.tv.imdb.certificates" type="bool" label="32464" default="true" />
		<setting id="navi.tv.tmdb.airingtoday" type="bool" label="32467" default="true" />
		<setting id="navi.tv.imdb.airingtoday" type="bool" label="32466" default="true" />
		<setting id="navi.tv.tmdb.ontv" type="bool" label="32472" default="true" />
		<setting id="navi.tv.imdb.returningtvshows" type="bool" label="32474" default="true" />
		<setting id="navi.tv.imdb.newtvshows" type="bool" label="32476" default="true" />
		<setting id="navi.tv.tvmaze.calendar" type="bool" label="32450" default="true" />
	</category>


<!-- TV Shows - 2 -->
	<category label="32641">
		<setting id="flatten.tvshows" type="bool" label="32317" default="false" />
		<setting id="trakt.userHidden" type="text" default="" visible="hidden" />
		<setting id="tv.widget" type="enum" label="32325" lvalues="32302|32326" default="1" visible="eq(-1,true)" />
		<setting id="tv.widget.alt" type="select" label="32325" lvalues="32302|32326|32327|32328" default="2" visible="!eq(-2,true)" />
		<setting id="tv.specials" type="bool" label="32649" default="true" />
		<setting id="showunaired" type="bool" label="32570" default="true" />
		<setting id="unaired.identify" type="select" label="32608" lvalues="32589|32590|32591|32592|32593|32594|32595|32596|32597|32666|32667|32668|32669|32670|32671|32598" default="8" enable="eq(-1,true)" />
		<setting id="tvshows.seasoncount.enabled" type="bool" label="33890" default="false" />
		<setting id="tvshows.unwatched.enabled" type="bool" label="33891" default="false" />
		<!-- <setting id="tvshows.unwatched.limit" type="bool" label="33892" default="true" subsetting="false" visible="eq(-1,true)" /> -->

		<setting type="lsep" label="40025" />
		<setting type="action" action="InstallAddon(service.upnext)" label="40027" option="close" visible="!System.HasAddon(service.upnext)"/>
		<setting type="bool" id="enable.upnext" default="false" label="40028" visible="System.HasAddon(service.upnext)" />
<!-- 		<setting id="upnext.notice" type="text" label="  If enabled Episodes are hard coded to Auto play" default="" enable="false" /> -->
		<setting id="upnext.notice" type="action" label="  [COLOR FFA0C12C]If enabled Episodes are hard coded to Auto play[/COLOR]" default="[B][COLOR FFA0C12C]$ADDON[plugin.video.thor 35397][/COLOR][/B]" enable="true" />
		<setting type="slider" id="upnext.time" enable="eq(-2,true)" visible="eq(-2,true)" default="60" label="40029" option="int" range="10,60" />
		<setting id="auto.playlistcreate" type="bool" label="40030" default="true" />

		<setting type="lsep" label="32375" />
		<setting id="tvshows.networks.view" type="enum" label="32376" lvalues="32377|32378" default="1" />
		<!-- <setting id="tvshows.networks.filter" type="select" label="32379" lvalues="32380|32381|32382|32383|32384|32385" default="4" enable="eq(-1, 1)" /> -->
		<setting label="32004" type="lsep" />
		<setting id="tvshows.direct" type="bool" label="35492" default="false" />
		<setting id="sort.shows.type" type="select" label="35191" lvalues="33564|33039|35187|35188|35391|35392|35393" default="6" />
		<setting id="sort.shows.order" type="enum" label="33679" lvalues="33649|33650" default="1" subsetting="true" enable="!eq(-1,0)" />
		<setting id="sort.progress.type" type="select" label="35572" lvalues="33564|33039|35187|35188|35391|35392|35393" default="4" />
		<setting id="sort.progress.order" type="enum" label="33679" lvalues="33649|33650" default="1" subsetting="true" enable="!eq(-1,0)" />
		<setting id="sort.calendar.type" type="select" label="35573" lvalues="33564|33039|35187|35188|35391|35392|35393" default="4" />
		<setting id="sort.calendar.order" type="enum" label="33679" lvalues="33649|33650" default="1" subsetting="true" enable="!eq(-1,0)" />

		<setting id="tvshows.air.enabled" type="bool" label="35017" default="false" subsetting="false" />
		<setting id="tvshows.air.zone" type="select" label="35018" lvalues="32314|35022|35023" default="0" subsetting="true" visible="eq(-1,true)" />
		<setting id="tvshows.air.location" type="select" label="35019" lvalues="35024|35025|35026|35027" default="0" subsetting="true" visible="eq(-2,true)" />
		<setting id="tvshows.air.format" type="select" label="35020" lvalues="35029|35028|35030" default="2" subsetting="true" visible="eq(-3,true)" />
		<setting id="tvshows.air.day" type="enum" label="35031" lvalues="35049|35050" default="1" subsetting="true" visible="eq(-4,true) + !eq(-1,0)" />
		<setting id="tvshows.air.time" type="select" label="35048" lvalues="35051|35052|35053" default="2" subsetting="true" visible="eq(-5,true) + !eq(-2,1)" />
		<setting id="tvshows.air.bold" type="bool" label="35021" default="true" subsetting="true" visible="eq(-6,true)" />
	</category>


<!-- Playback - 3 -->
	<category label="32330">
		<setting type="lsep" label="32343" />
		<setting id="bookmarks" type="bool" label="32344" default="true" />
		<setting id="bookmarks.auto" type="bool" label="32657" default="false" enable="eq(-1,true)" />
		<setting type="lsep" label="32372" />
		<setting id="crefresh" type="bool" label="32373" default="false" />
	</category>

	
<!-- Swift Streamz - 8 -->	
    <category label="32669">
        <setting type="lsep" label="32669" />
        <setting id="tv.swift.inputstream" type="bool" label="32675" default="true" />
        <setting id="tv.swift.filtermov" type="bool" label="32676" default="false" />
        <setting id="tv.swift.filtersports" type="bool" label="32677" default="false" />
        <setting id="tv.swift.filtertv" type="bool" label="32678" default="false" />
        <setting id="tv.swift.sort_thor" type="bool" label="32672" default="true" />
    </category>	

	
<!-- Trakt - 8 -->
	<category label ="32315">
		<setting type="lsep" label="32315" />
		<setting id="trakt.auth" type="text" default="" visible="hidden"/>
		<setting type="action" label="32306" option="close" action="RunPlugin(plugin://plugin.video.thor/?action=authTrakt&opensettings=true&query=8.2)" />
		<setting id="trakt.user" type="text" default="" label="40062" enable="false" visible="true" />
		<setting id="trakt.token" type="text" visible="hidden" label="" default="" />
		<setting id="trakt.refresh" type="text" visible="hidden" label="" default="" />
		<setting id="trakt.notifications" type="bool" label="33050" default="true" visible="!eq(-3,true)" />
		<setting id="trakt.rating" type="enum" label="35187" lvalues="33564|35547" default="0" visible="!eq(-4,true)" />
		<setting id="indicators.alt" type="enum" label="32313" lvalues="32314|32315" default="1" visible="!eq(-5,true)" />
		<setting id="indicators" type="enum" label="32313" lvalues="32314" default="0" visible="eq(-6,true)" />
		<setting id="bookmarks.trakt" type="bool" label="32644" default="false" enable="!eq(-7,true)"/>
<!-- 		<setting id="prgr.sortorder" type="enum" label="32584" lvalues="32585|32586" default="1" enable="!eq(-8,true)" /> -->
		<setting type="lsep" label="32645" />
		<setting id="autoTraktOnStart" type="bool" label="32646" default="false" enable="!eq(-9,true)" />
		<setting id="schedTraktTime" type="slider" label="32647" default="0" range="0,24" option="int" enable="eq(-1,true)" />
		<setting id="schedTraktTime.message" type="text" label="32648" default="" enable="false" />
	</category>

	
<!-- Providers - 4 -->
	<category label="32345">
        <setting id="module.provider" type="select" label="32650" values="OpenScrapers|UniversalScrapers|BarnacleScrapers|Built-in|OpenScrapers + UniversalScrapers|OpenScrapers + UniversalScrapers + Built-in|BarnacleScrapers + Built-in|OpenScapers + Built-in|OpenScrapers + BarnacleScrapers + Built-in|OpenScrapers + UniversalScrapers + BarnacleScrapers + Built-in" default="OpenScrapers + UniversalScapers + BarnacleScrapers + Built-in" visible="System.HasAddon(script.module.openscrapers)" />
        <setting id="module.provider.alt" type="select" label="32084" values="OpenScrapers|UniversalScrapers|BarnacleScrapers|Built-in|OpenScrapers + UniversalScrapers|OpenScrapers + UniversalScrapers + Built-in|BarnacleScrapers + Built-in|OpenScapers + Built-in|OpenScrapers + BarnacleScrapers + Built-in|OpenScrapers + UniversalScrapers + BarnacleScrapers + Built-in" default="OpenScrapers + UniversalScapers + BarnacleScrapers + Built-in" visible="System.HasAddon(script.module.openscrapers)" />
        <setting id="open.Lsettings" subsetting="true" type="action" label="32086" option="close" action="RunPlugin(plugin://script.module.openscrapers/?mode=OpenscrapersSettings)" visible="System.HasAddon(script.module.openscrapers)" />
        <setting id="open.Osettings" subsetting="true" type="action" label="32085" option="close" action="RunPlugin(plugin://script.module.barnaclescrapers/?mode=barnaclescrapersettings)" />
        <setting id="install.openscrapers" subsetting="true" type="action" label="Install Openscrapers" option="close" action="InstallAddon(script.module.openscrapers)" visible="!System.HasAddon(script.module.openscrapers)" />
		<setting type="lsep" label="40067" />
		<setting id="clear.sources" type="action" label="32611" option="close" action="RunPlugin(plugin://plugin.video.thor/?action=clearSources&opensettings=true&query=4.2)" />
	</category>


<!-- Source Filters - 5 -->
	<category label="Source Filters">
		<setting id="providers.lang" type="select" label="32360" values="English|German|Greek|Polish|Spanish|German+English|Greek+English|Polish+English|Spanish+English" default="English" />
		<setting id="scrapers.timeout.1" type="slider" label="32312" default="30" range="10,60" option="int" />
		<setting id="debrid.only" type="bool" label="32653" default="false" enable="true" />
		<setting id="hosts.mode" type="select" label="32331" lvalues="32332|32333|32334" default="1" />
		<setting id="sourcelist.multiline" type="bool" label="Multiline source list" default="true" enable="eq(-1,1)" />
		<setting id="sec.identify" type="select" label="Secondary Line Color" lvalues="32589|32590|32591|32592|32593|32594|32595|32596|32597|32666|32667|32668|32669|32670|32671|32598" default="4" enable="eq(-1,true)" />
		<setting id="progress.dialog" type="enum" label="32335" lvalues="32336|32337" default="0" />
		<setting id="progress.dialog.prem.color" type="select" label="Progress Dialog Premium Color" lvalues="32589|32590|32591|32592|32593|32594|32595|32596|32597|32666|32667|32668|32669|32670|32671" default="5" enable="eq(-1,0)" />
		<setting id="progress.dialog.free.color" type="select" label="Progress Dialog Free Color" lvalues="32589|32590|32591|32592|32593|32594|32595|32596|32597|32666|32667|32668|32669|32670|32671" default="1" enable="eq(-2,0)" />
		<setting type="lsep" label="32338" />
		<setting id="hosts.quality" type="enum" label="32339" values="4K|1440p|1080p|720p|480p" default="0" />
		<setting id="preemptive.termination" type="bool" label="32654" default="false" />
		<setting id="preemptive.limit" type="slider" label="32655" default="10" range="1,50" option="int" visible="eq(-1,true)" />
		<setting id="preemptive.res" type="enum" label="32659" values="4K|1440p|1080p|720p|480p" default="2" visible="eq(-2,true)"/>
		<setting id="prem.identify" type="select" label="32588" lvalues="32589|32590|32591|32592|32593|32594|32595|32596|32597|32666|32667|32668|32669|32598" default="6" />
		<setting id="autoplay.sd" type="bool" label="32656" default="false" />
		<setting id="sources.extrainfo" type="bool" label="32587" default="true" />
		<setting id="HEVC" type="bool" label="32363" default="true" />
		<setting id="hosts.captcha" type="bool" label="32341" default="false" />
		<setting id="hosts.sort.provider" type="bool" label="32342" default="true" />
		<setting id="remove.duplicates" type="bool" label="32035" default="true" />
		<setting id="remove.Sd.sources" type="bool" label="90298" default="false"/>
		<setting id="remove.Cam.sources" type="bool" label="90299" default="true"/>		
		<setting id="remove.3D.sources" type="bool" label="32051" default="false"/>
	</category>


<!-- Torrent Settings - 6 -->
	<category label="Torrent Settings">
		<setting id="torrent.enabled" type="bool" label="32636" default="true" visible = "true" />
		<setting id="torrent.identify" type="select" label="32634" enable="eq(-1,true)" lvalues="32589|32590|32591|32592|32593|32594|32595|32596|32597|32666|32667|32668|32669|32670|32671|32598" default="5" visible = "true" />
		<setting id="torrent.min.seeders" type="slider" label="32638" enable="eq(-2,true)" default="1" range="1,100" option="int" visible = "false" />
<!-- 		<setting id="torrent.sort.them.up" type="bool" label="32639" enable="eq(-3,true)"  default="true" visible = "true" />  -->
		<setting id="torrent.group.sort" type="select" label="Torent/Hoster sorting method" lvalues="32021|32022" enable="eq(-3,true)"  default="1" visible = "true" />
		<setting id="torrent.size.sort" type="bool" label="Sort torrents by size" default="true" />
		<setting id="torrent.resolveurl2" type="action" label="32640" enable="eq(-5,true)" option="close" action="RunPlugin(plugin://plugin.video.thor/?action=urlResolverRDTorrent&amp;query=1.42)" />
		<setting id="torrent.resolveurl" type="action" label="32637" enable="eq(-6,true)" option="close" action="RunPlugin(plugin://plugin.video.thor/?action=urlResolverRDTorrent&amp;query=1.52)" />
		<setting id="pm.chk.cached" type="bool" label="PM cached torrent check" default="true" />
		<setting id="pm.remove.uncached" type="bool" label="   PM remove uncached torrents" default="true" enable="eq(-1,true)" />
		<setting id="rd.chk.cached" type="bool" label="RD cached torrent check" default="true" />
		<setting id="rd.remove.uncached" type="bool" label="   RD remove uncached torrents" default="true" enable="eq(-1,true)" />
	</category>

	
<!-- Short Cuts - 7 -->
	<category label="Shortcuts">
		<setting id="clear.all.cache" type="action" label="32610" option="close" action="RunPlugin(plugin://plugin.video.thor/?action=clearAllCache&opensettings=true&query=7.0)" />
		<setting id="clear.sources2" type="action" label="32611" option="close" action="RunPlugin(plugin://plugin.video.thor/?action=clearSources&opensettings=true&query=7.1)" />
		<setting id="clear.metacache" type="action" label="32612" option="close" action="RunPlugin(plugin://plugin.video.thor/?action=clearMetaCache&opensettings=true&query=7.2)" />
		<setting id="clear.cache" type="action" label="32613" option="close" action="RunPlugin(plugin://plugin.video.thor/?action=clearCache&opensettings=true&query=7.3)" />
		<setting id="clear.search.cache" type="action" label="32614" option="close" action="RunPlugin(plugin://plugin.video.thor/?action=clearCacheSearch&opensettings=true&query=7.4)" />
		<setting id="clear.bookmarks.cache" type="action" label="32615" option="close" action="RunPlugin(plugin://plugin.video.thor/?action=clearBookmarks&opensettings=true&query=7.5)" />
	</category>
	


<!-- API Keys - 9 -->
	<category label="API Keys">
		<setting type="lsep" label="FANART.TV" />
		<setting id="fanart.tv.user" type="text" label="Fanart API" default="" />

		<setting type="lsep" label="TMDb" />
		<setting id="tm.user" type="text" option="hidden" label="TMDb API" default="" />
		<setting id="tmdb.username" type="text" label="TMDb username" default="" />
		<setting id="tmdb.password" type="text" label="TMDb password" default="" />
		<setting id="tmdb.message" type="action" label="  [COLOR FFA0C12C]Authorization rq'd to retrieve user lists[/COLOR]" default="[B][COLOR FFA0C12C]$ADDON[plugin.video.thor 35397][/COLOR][/B]" enable="true" />
		<setting type="action" label="Authorize TMDb" option="close" enable="!eq(-3,) + !eq(-2,)" action="RunPlugin(plugin://plugin.video.thor/?action=authTMDb&opensettings=true&query=9.5)" />
		<setting id="tmdb.session_id" type="text" default="" label="session_id" enable="false" />
		<setting type="action" label="Revoke TMDb session_id" option="close" enable="!eq(-1,true)" action="RunPlugin(plugin://plugin.video.thor/?action=revokeTMDb&opensettings=true&query=9.7)" />

		<setting type="lsep" label="TVDb" />
		<setting id="tvdb.user" type="text" label="TVDb API" default="HARD CODED" enable="false" />

		<setting type="lsep" label="IMDb" />
		<setting id="imdb.user" type="text" label="32303" default="" />

        <setting type="sep" />
        <setting type="lsep" label="Furk.net" />
        <setting id="furk.user_name" type="text" label="Furk Username" default="" />
        <setting id="furk.user_pass" type="text" label="Furk Password" option="hidden" default="" />
        <setting id="furk.api" type="text" label="Furk API Key" default="" />
        <setting id="furk.limit" label="Limit results" type="slider" default="25" range="5,5,200" option="int" />			
	</category>


<!-- Library - 10 -->
	<category label="32541">
		<setting id="library.movie" type="folder" label="32543" default="special://userdata/addon_data/plugin.video.thor/Movies" />
		<setting id="library.tv" type="folder" label="32544" default="special://userdata/addon_data/plugin.video.thor/TVShows" />
		<setting type="lsep" label="32542" />
		<setting type="sep" />
		<setting id="library.service.update" type="bool" label="32545" default="true" />
		<setting id="library.service.notification" type="bool" label="32546" default="true" />
		<setting type="sep" />
		<setting id="library.update" type="bool" label="32547" default="true" />
		<setting id="library.check" type="bool" label="32548" default="true" />
		<setting type="sep" />
		<setting id="library.importdelay" type="bool" label="$NUMBER[24]HR delay before import" default="true" />
		<setting id="library.check_movie" type="bool" label="32549" default="false" />
		<setting id="library.check_episode" type="bool" label="32550" default="false" />
		<setting id="library.include_unknown" type="bool" label="32565" default="true" />
	</category>


<!-- Downloads - 11 -->
	<category label="32347">
		<setting id="downloads" type="bool" label="32348" default="false" />
		<setting type="sep" />
		<setting id="movie.download.path" type="folder" label="32349" enable="eq(-2,true)" default="" />
		<setting id="tv.download.path" type="folder" label="32350" enable="eq(-3,true)" default="" />
		<setting type="sep" />
		<setting id="message1" type="text" label="32351" default="" enable="false" />
		<setting id="message2" type="text" label="32352" default="" enable="false" />
	</category>


<!-- Subtitles - 12 -->
	<category label="32353">
		<setting id="subtitles" type="bool" label="32354" default="false" />
		<setting type="sep" />
		<setting id="subtitles.utf" type="bool" label="32355" enable="eq(-2,true)" default="false" />
		<setting id="subtitles.lang.1" type="select" label="32356" values="Afrikaans|Albanian|Arabic|Armenian|Basque|Bengali|Bosnian|Breton|Bulgarian|Burmese|Catalan|Chinese|Croatian|Czech|Danish|Dutch|English|Esperanto|Estonian|Finnish|French|Galician|Georgian|German|Greek|Hebrew|Hindi|Hungarian|Icelandic|Indonesian|Italian|Japanese|Kazakh|Khmer|Korean|Latvian|Lithuanian|Luxembourgish|Macedonian|Malay|Malayalam|Manipuri|Mongolian|Montenegrin|Norwegian|Occitan|Persian|Polish|Portuguese|Portuguese(Brazil)|Romanian|Russian|Serbian|Sinhalese|Slovak|Slovenian|Spanish|Swahili|Swedish|Syriac|Tagalog|Tamil|Telugu|Thai|Turkish|Ukrainian|Urdu" enable="eq(-3,true)" default="English" />
		<setting id="subtitles.lang.2" type="select" label="32357" values="Afrikaans|Albanian|Arabic|Armenian|Basque|Bengali|Bosnian|Breton|Bulgarian|Burmese|Catalan|Chinese|Croatian|Czech|Danish|Dutch|English|Esperanto|Estonian|Finnish|French|Galician|Georgian|German|Greek|Hebrew|Hindi|Hungarian|Icelandic|Indonesian|Italian|Japanese|Kazakh|Khmer|Korean|Latvian|Lithuanian|Luxembourgish|Macedonian|Malay|Malayalam|Manipuri|Mongolian|Montenegrin|Norwegian|Occitan|Persian|Polish|Portuguese|Portuguese(Brazil)|Romanian|Russian|Serbian|Sinhalese|Slovak|Slovenian|Spanish|Swahili|Swedish|Syriac|Tagalog|Tamil|Telugu|Thai|Turkish|Ukrainian|Urdu" enable="eq(-4,true)" default="English" />
		<setting type="sep" />
		<setting id="message3" type="text" label="32358" default="" enable="false" />
		<setting id="message4" type="text" label="32359" default="" enable="false" />
	</category>


<!-- Debugging - 13 -->
	<category label="32616">
		<setting id="first.info" label="33005" type="bool" default="" />
		<setting id="addon_debug" type="bool" label="32374" default="false" />
		<setting id="debug.location" type="enum" label="32617" lvalues="32618|32619" default="1" enable="eq(-1,true)" />
	</category>
</settings>

